1,http://v.youku.com/v_show/id_XMTY4ODg3Nzc5Ng==.html,陆垚知马俐,5.3
2,http://v.youku.com/v_show/id_XMjUyMjAwMTAyMA==.html,铁道飞虎,5.1
3,http://v.youku.com/v_show/id_XMTc2NjIyNTIwNA==.html,大鱼海棠,6.5
4,http://v.youku.com/v_show/id_XMTU3NzgwMTE1Ng==.html,熊出没之熊心归来,6.2
5,http://v.youku.com/v_show/id_XMTU3MjI1MTk1Mg==.html,疯狂动物城,9.2
6,http://v.youku.com/v_show/id_XMTUyNTU5NjAwOA==.html,女友,0
7,http://v.youku.com/v_show/id_XMTY4NjEzNzMxNg==.html,百鸟朝凤,8.0
8,http://v.youku.com/v_show/id_XMTUwODEzNjQ1Mg==.html,了不起的咔嚓,6.8
9,http://v.youku.com/v_show/id_XMTY4Njk3OTk0OA==.html,毕业300天,0
10,http://v.youku.com/v_show/id_XMTcxODk4NTEwMA==.html,微微一笑很倾城,5.1
11,http://v.youku.com/v_show/id_XMTgxMjQ2ODAxMg==.html,七月与安生,7.6
12,http://v.youku.com/v_show/id_XMTU3MzUxMzUwNA==.html,我的特工爷爷,5.3
13,http://v.youku.com/v_show/id_XMTY4OTY5OTYzMg==.html,奇幻森林,7.8
14,http://v.youku.com/v_show/id_XMTUxNzMxMDI2MA==.html,玩命追逐,0
15,http://v.youku.com/v_show/id_XMTg1NjIzNDE5Ng==.html,从你的全世界路过,5.3
16,http://v.youku.com/v_show/id_XMTg5ODI2MjIyMA==.html,精灵王座,7.4
17,http://v.youku.com/v_show/id_XMTg2NTU2MDg2NA==.html,驴得水,8.3
18,http://v.youku.com/v_show/id_XMTg3NzA4NDg1Mg==.html,湄公河行动,8.0
19,http://v.youku.com/v_show/id_XMTU1OTAwMDU2MA==.html,美人鱼,6.8
20,http://v.youku.com/v_show/id_XMTcxMzk5Mjk5Mg==.html,谎言西西里,4.7
21,http://v.youku.com/v_show/id_XMTYzMDg5NTY3Ng==.html,重生三国之刺杀张角,0
22,http://v.youku.com/v_show/id_XMTY4MzIwMjQ2NA==.html,愤怒的小鸟,7.1
23,http://v.youku.com/v_show/id_XMTcxNDUwODg3Ng==.html,糖果世界大冒险,4.6
24,http://v.youku.com/v_show/id_XMTYyODA3NzgwOA==.html,韩子高,3.1
25,http://v.youku.com/v_show/id_XMTUxNTA3Nzc3Ng==.html,我不是王毛,7.7
26,http://v.youku.com/v_show/id_XMjQ5ODg4OTk1Ng==.html,奇异博士,7.7
27,http://v.youku.com/v_show/id_XMTU1MTk4ODU2NA==.html,荒野猎人,7.8
28,http://v.youku.com/v_show/id_XMTUyMjU4MjQ4OA==.html,消失爱人,4.8
29,http://v.youku.com/v_show/id_XMTcyMjExODE0NA==.html,美国队长3,7.7
30,http://v.youku.com/v_show/id_XMTYzNjcwOTI2OA==.html,代理情人,4.6
31,http://v.youku.com/v_show/id_XMTczNTQ4MzM2NA==.html,盗墓笔记,4.7
32,http://v.youku.com/v_show/id_XMjQ3ODU0NzIwMA==.html,我不是潘金莲,6.8
33,http://v.youku.com/v_show/id_XMTgyMzE0NTYxNg==.html,鲨滩,7.1
34,http://v.youku.com/v_show/id_XMTQ2NDQ1NzY5Mg==.html,小门神,6.8
35,http://v.youku.com/v_show/id_XMTQ4MjU1MjgyNA==.html,片场风云之冤家姐妹,0
36,http://v.youku.com/v_show/id_XMTcxNjQzNzQ5Mg==.html,赏金猎人,5.0
37,http://v.youku.com/v_show/id_XMTU3NTI0Njk3Ng==.html,洛杉矶捣蛋计划,5.3
38,http://v.youku.com/v_show/id_XMTU3NTkxNDIwMA==.html,功夫熊猫3,7.7
39,http://v.youku.com/v_show/id_XMTYzNTU4MjE2MA==.html,冬,6.9
40,http://v.youku.com/v_show/id_XMjUxOTAzMDE0NA==.html,海洋奇缘,7.6
41,http://v.youku.com/v_show/id_XMTc3Mjc4NDA3Mg==.html,杀了我,0
42,http://v.youku.com/v_show/id_XMTQ5NDMzMjk3Mg==.html,通灵神探,6.3
43,http://v.youku.com/v_show/id_XMTc2MTA1MzY4OA==.html,绝地逃亡,5.5
44,http://v.youku.com/v_show/id_XMTkwODQzODY3Ng==.html,圆梦巨人,6.7
1,http://v.youku.com/v_show/id_XMTY4ODg3Nzc5Ng==.html,陆垚知马俐,5.3
2,http://v.youku.com/v_show/id_XMjUyMjAwMTAyMA==.html,铁道飞虎,5.1
3,http://v.youku.com/v_show/id_XMTc2NjIyNTIwNA==.html,大鱼海棠,6.5
4,http://v.youku.com/v_show/id_XMTU3NzgwMTE1Ng==.html,熊出没之熊心归来,6.2
5,http://v.youku.com/v_show/id_XMTU3MjI1MTk1Mg==.html,疯狂动物城,9.2
6,http://v.youku.com/v_show/id_XMTUyNTU5NjAwOA==.html,女友,0
7,http://v.youku.com/v_show/id_XMTY4NjEzNzMxNg==.html,百鸟朝凤,8.0
8,http://v.youku.com/v_show/id_XMTUwODEzNjQ1Mg==.html,了不起的咔嚓,6.8
9,http://v.youku.com/v_show/id_XMTY4Njk3OTk0OA==.html,毕业300天,0
10,http://v.youku.com/v_show/id_XMTcxODk4NTEwMA==.html,微微一笑很倾城,5.1
11,http://v.youku.com/v_show/id_XMTgxMjQ2ODAxMg==.html,七月与安生,7.6
12,http://v.youku.com/v_show/id_XMTU3MzUxMzUwNA==.html,我的特工爷爷,5.3
13,http://v.youku.com/v_show/id_XMTY4OTY5OTYzMg==.html,奇幻森林,7.8
14,http://v.youku.com/v_show/id_XMTUxNzMxMDI2MA==.html,玩命追逐,0
15,http://v.youku.com/v_show/id_XMTg1NjIzNDE5Ng==.html,从你的全世界路过,5.3
16,http://v.youku.com/v_show/id_XMTg5ODI2MjIyMA==.html,精灵王座,7.4
17,http://v.youku.com/v_show/id_XMTg2NTU2MDg2NA==.html,驴得水,8.3
18,http://v.youku.com/v_show/id_XMTg3NzA4NDg1Mg==.html,湄公河行动,8.0
19,http://v.youku.com/v_show/id_XMTU1OTAwMDU2MA==.html,美人鱼,6.8
20,http://v.youku.com/v_show/id_XMTcxMzk5Mjk5Mg==.html,谎言西西里,4.7
21,http://v.youku.com/v_show/id_XMTYzMDg5NTY3Ng==.html,重生三国之刺杀张角,0
22,http://v.youku.com/v_show/id_XMTY4MzIwMjQ2NA==.html,愤怒的小鸟,7.1
23,http://v.youku.com/v_show/id_XMTcxNDUwODg3Ng==.html,糖果世界大冒险,4.6
24,http://v.youku.com/v_show/id_XMTYyODA3NzgwOA==.html,韩子高,3.1
25,http://v.youku.com/v_show/id_XMTUxNTA3Nzc3Ng==.html,我不是王毛,7.7
26,http://v.youku.com/v_show/id_XMjQ5ODg4OTk1Ng==.html,奇异博士,7.7
27,http://v.youku.com/v_show/id_XMTU1MTk4ODU2NA==.html,荒野猎人,7.8
28,http://v.youku.com/v_show/id_XMTUyMjU4MjQ4OA==.html,消失爱人,4.8
29,http://v.youku.com/v_show/id_XMTcyMjExODE0NA==.html,美国队长3,7.7
30,http://v.youku.com/v_show/id_XMTYzNjcwOTI2OA==.html,代理情人,4.6
31,http://v.youku.com/v_show/id_XMTczNTQ4MzM2NA==.html,盗墓笔记,4.7
32,http://v.youku.com/v_show/id_XMjQ3ODU0NzIwMA==.html,我不是潘金莲,6.8
33,http://v.youku.com/v_show/id_XMTgyMzE0NTYxNg==.html,鲨滩,7.1
34,http://v.youku.com/v_show/id_XMTQ2NDQ1NzY5Mg==.html,小门神,6.8
35,http://v.youku.com/v_show/id_XMTQ4MjU1MjgyNA==.html,片场风云之冤家姐妹,0
36,http://v.youku.com/v_show/id_XMTcxNjQzNzQ5Mg==.html,赏金猎人,5.0
37,http://v.youku.com/v_show/id_XMTU3NTI0Njk3Ng==.html,洛杉矶捣蛋计划,5.3
38,http://v.youku.com/v_show/id_XMTU3NTkxNDIwMA==.html,功夫熊猫3,7.7
39,http://v.youku.com/v_show/id_XMTYzNTU4MjE2MA==.html,冬,6.9
40,http://v.youku.com/v_show/id_XMjUxOTAzMDE0NA==.html,海洋奇缘,7.6
41,http://v.youku.com/v_show/id_XMTc3Mjc4NDA3Mg==.html,杀了我,0
42,http://v.youku.com/v_show/id_XMTQ5NDMzMjk3Mg==.html,通灵神探,6.3
43,http://v.youku.com/v_show/id_XMTc2MTA1MzY4OA==.html,绝地逃亡,5.5
44,http://v.youku.com/v_show/id_XMTkwODQzODY3Ng==.html,圆梦巨人,6.7
45,http://v.youku.com/v_show/id_XMTc4Mzc3MTQ4MA==.html,六弄咖啡馆,6.3
46,http://v.youku.com/v_show/id_XMTY3MjE1Mzg4MA==.html,销魂杀机,0
47,http://v.youku.com/v_show/id_XMTYyNzU1NDgyMA==.html,海岛迷杀,0
48,http://v.youku.com/v_show/id_XMTYxMDYxODcyNA==.html,致命诱惑,7.0
49,http://v.youku.com/v_show/id_XMTQ3Mjk2ODc5Mg==.html,足迹神探,0
50,http://v.youku.com/v_show/id_XMTQ4ODI0MDU0OA==.html,过年好,5.0
51,http://v.youku.com/v_show/id_XMTU5NzIwODMyMA==.html,疯狂大宝剑,0
52,http://v.youku.com/v_show/id_XMTg5MTUzNzY5Mg==.html,28岁未成年,5.7
53,http://v.youku.com/v_show/id_XMTcxOTczMTg5Ng==.html,危城,5.6
54,http://v.youku.com/v_show/id_XMTU5MDI4ODM2NA==.html,换命攻略,0
55,http://v.youku.com/v_show/id_XMTc0Mjk1NDIwNA==.html,魔兽,7.8
56,http://v.youku.com/v_show/id_XMTU3NjM1NzY1Ng==.html,冰河追凶,5.7
57,http://v.youku.com/v_show/id_XMTcwNzQxNDgwNA==.html,泡沫之夏,6.0
58,http://v.youku.com/v_show/id_XMTU2MzEyMjU2NA==.html,钻石恋人,0
59,http://v.youku.com/v_show/id_XMTYwODA0MDA4NA==.html,睡在我上铺的兄弟,5.0
60,http://v.youku.com/v_show/id_XMTQ0Mzk1MjkyNA==.html,特殊逃犯,0
61,http://v.youku.com/v_show/id_XMjQ3NjIwNDkyMA==.html,少年,5.8
62,http://v.youku.com/v_show/id_XMTQ4MzQ0MDQ0OA==.html,奔爱,3.7
63,http://v.youku.com/v_show/id_XMTg0NDg3MTU0MA==.html,捉迷藏,5.4
64,http://v.youku.com/v_show/id_XMTg2MjcwMzczMg==.html,育婴室,4.7
65,http://v.youku.com/v_show/id_XMTU1MzQyMTkwNA==.html,玩命绑架,0
66,http://v.youku.com/v_show/id_XMTc2NDE0NTY2NA==.html,九条命,6.9
67,http://v.youku.com/v_show/id_XMTU3NjIyNjM5Mg==.html,火锅英雄,7.2
68,http://v.youku.com/v_show/id_XMTYwNTcwNzAwMA==.html,艾米粒日记,8.1
69,http://v.youku.com/v_show/id_XMTUxNzQzMTIxMg==.html,真相禁区,4.5
70,http://v.youku.com/v_show/id_XMTU1ODE2NzY5Mg==.html,恐怖将映,3.5
71,http://v.youku.com/v_show/id_XMTY0MjQzNTgyMA==.html,会飞的井盖,0
72,http://v.youku.com/v_show/id_XMTY0NDc0NDgxNg==.html,江湖翘,0
73,http://v.youku.com/v_show/id_XMTczODAwNjQ3Ng==.html,东京不热,4.8
74,http://v.youku.com/v_show/id_XMTcxNzY2ODAzMg==.html,极品伪娘,0
75,http://v.youku.com/v_show/id_XMTYxNzM3NDU4MA==.html,708090之深圳恋歌,2.9
76,http://v.youku.com/v_show/id_XMTc4NzI0NzA3Mg==.html,潜伏者,7.0
77,http://v.youku.com/v_show/id_XMTYzMTA5NTQxNg==.html,疯狂IP,0
78,http://v.youku.com/v_show/id_XMTYxNjA1MzI4MA==.html,泰嗨啦,0
79,http://v.youku.com/v_show/id_XMTgyNDM4Nzg5Ng==.html,巴黎危机,6.4
80,http://v.youku.com/v_show/id_XMjUxNjQ3MDYxMg==.html,情圣,6.1
81,http://v.youku.com/v_show/id_XMjIwNTAyNTUwNA==.html,消失的女人,6.2
82,http://v.youku.com/v_show/id_XMTYyMzg2ODc5Mg==.html,夜孔雀,4.6
83,http://v.youku.com/v_show/id_XMTYxMDE2MTE4NA==.html,夺命街头,0
84,http://v.youku.com/v_show/id_XMTYzMTQ1MDk4MA==.html,深囧,2.4
85,http://v.youku.com/v_show/id_XMTgyMzE0Mzg0OA==.html,爵迹,3.7
86,http://v.youku.com/v_show/id_XMTUxMjA5Mjk2OA==.html,爱在深秋,4.2
87,http://v.youku.com/v_show/id_XMTQ1MjA4ODc5Mg==.html,啪啪囧事之情人节,0
88,http://v.youku.com/v_show/id_XMTU4MTM5NDI0OA==.html,魔兽之副本人生,0
89,http://v.youku.com/v_show/id_XMTYxNzQwNDIzMg==.html,特丽独行,0
90,http://v.youku.com/v_show/id_XMTYwODk3NTE0MA==.html,谁的青春不迷茫,6.4
91,http://v.youku.com/v_show/id_XMTUzMTkzNzQ2MA==.html,左耳神探之诡来电,0
92,http://v.youku.com/v_show/id_XMTQ2NDY0MTg0MA==.html,这是什么鬼,0
93,http://v.youku.com/v_show/id_XMTQ5MDkxODgwNA==.html,年兽大作战,5.7
94,http://v.youku.com/v_show/id_XMTQyMTg4MTkzNg==.html,僵尸也疯狂,0
95,http://v.youku.com/v_show/id_XMTYxMTE0NTk4MA==.html,分裂1:906号患者档案,0
96,http://v.youku.com/v_show/id_XMTQ4NTgxMDQ3Mg==.html,恶灵之门,3.6
97,http://v.youku.com/v_show/id_XMTkyMDQyODQ2OA==.html,但丁密码,6.2
98,http://v.youku.com/v_show/id_XMTU1ODk1OTc2NA==.html,神秘美人鱼,0
99,http://v.youku.com/v_show/id_XMTY4MDQ4MDAxMg==.html,魔都凶音,4.8
100,http://v.youku.com/v_show/id_XMTU5ODY5OTAyMA==.html,恭喜发财之谈钱说爱,3.0
101,http://v.youku.com/v_show/id_XMTYyNjQ5NTE5Mg==.html,轩辕大帝,4.5
102,http://v.youku.com/v_show/id_XMTQ0MjMyNjYwMA==.html,青春喂了狗,4.9
103,http://v.youku.com/v_show/id_XMTU0NzYwMjAzNg==.html,哑孩儿,5.4
104,http://v.youku.com/v_show/id_XMTY4NTcwMjU1Ng==.html,真命天子,6.4
105,http://v.youku.com/v_show/id_XMTU5OTU1MTgzNg==.html,危机13小时,7.6
106,http://v.youku.com/v_show/id_XMTU3NjQzMzc5Mg==.html,怒海救援,7.2
107,http://v.youku.com/v_show/id_XMTYwMzQ5MTYxMg==.html,人皮面具,0
108,http://v.youku.com/v_show/id_XMTQ0ODQ1NTM1Ng==.html,女导演连环杀人案,0
109,http://v.youku.com/v_show/id_XMTQzNzc2NDgyNA==.html,哎哟青春期,0
110,http://v.youku.com/v_show/id_XMTYzMzM3NTc0OA==.html,蒸发太平洋,3.0
111,http://v.youku.com/v_show/id_XMjUwMzI2MTc3Ng==.html,魔弦传说,7.5
112,http://v.youku.com/v_show/id_XMTU0NDEwNzI0MA==.html,我的校花妹妹3,0
113,http://v.youku.com/v_show/id_XMTYyMzM2NDM0OA==.html,北京遇上西雅图之不二情书,6.5
114,http://v.youku.com/v_show/id_XMTU3NjIzNjQyMA==.html,撕名牌杀戮事件,0
115,http://v.youku.com/v_show/id_XMTYzNTk2OTE4MA==.html,渣能天团之巨能足球,0
116,http://v.youku.com/v_show/id_XMTU4MTY2MDc0MA==.html,爱情试用期2,0
117,http://v.youku.com/v_show/id_XMTg5MTg0ODcxMg==.html,超级快递,4.6
118,http://v.youku.com/v_show/id_XMTY2Njc1OTA5Mg==.html,魔轮,4.5
119,http://v.youku.com/v_show/id_XMTcwMTM4NjA4MA==.html,那天的氛围,6.2
120,http://v.youku.com/v_show/id_XMTY2MjczODU0OA==.html,三人行,5.9
121,http://v.youku.com/v_show/id_XMTYxNTU2OTQ2MA==.html,潘金莲就是我,2.8
122,http://v.youku.com/v_show/id_XMTUzNTg0ODM1Ng==.html,西游记之孙悟空三打白骨精,5.7
123,http://v.youku.com/v_show/id_XMTY4ODY2MDY1Ng==.html,恐怖爱情故事之死亡公路,2.8
124,http://v.youku.com/v_show/id_XMTY3ODAyOTM1Mg==.html,我的新野蛮女友,3.3
125,http://v.youku.com/v_show/id_XMjUxNDAyNzQ5Ng==.html,比利·林恩的中场战事,8.5
126,http://v.youku.com/v_show/id_XMTYwNzkyMTIzMg==.html,夺命稻草人,3.8
127,http://v.youku.com/v_show/id_XMTc2NjA1NDgwNA==.html,丧尸李志2,0
128,http://v.youku.com/v_show/id_XMTU1MDA1NzM2OA==.html,难言之欲,0
129,http://v.youku.com/v_show/id_XMTU5MjMwMzIzNg==.html,隔壁惊魂,2.7
130,http://v.youku.com/v_show/id_XMTUxNTI3OTE4OA==.html,绑架腹黑少女,0
131,http://v.youku.com/v_show/id_XMjYwOTQ2Nzg1Mg==.html,那年夏天你去了哪里,4.8
132,http://v.youku.com/v_show/id_XMTQ3MDY3NjU0OA==.html,僵尸3之蝴蝶怨,0
133,http://v.youku.com/v_show/id_XMTg2Mjk5Mjc4NA==.html,外公芳龄38,4.2
134,http://v.youku.com/v_show/id_XMTQ4MDg5Mzg2OA==.html,何欲何球,0
135,http://v.youku.com/v_show/id_XMTc2NjI4MjEwMA==.html,阴阳先生之阴阳中间站,4.8
136,http://v.youku.com/v_show/id_XMTYxMTUwODk5Mg==.html,截拳道魂,0
137,http://v.youku.com/v_show/id_XMTQ1Nzc5MzYwOA==.html,女神精之女神日记,0
138,http://v.youku.com/v_show/id_XMTcwMDQ4MTY4NA==.html,比基尼派对,0
139,http://v.youku.com/v_show/id_XMTY4NTQ2MjcyMA==.html,罪恶双生灵,0
140,http://v.youku.com/v_show/id_XMTQ3MjIzMDIwMA==.html,左魔传,0
141,http://v.youku.com/v_show/id_XMTUwNjIxMTk2OA==.html,宫藏挚爱,0
142,http://v.youku.com/v_show/id_XMjMwNjM0NDEwNA==.html,魔发精灵,7.3
143,http://v.youku.com/v_show/id_XMTY1Nzk4NzUzNg==.html,朋友圈,7.2
144,http://v.youku.com/v_show/id_XMTQ1Mjg3NDI1Mg==.html,魔界判官,0
145,http://v.youku.com/v_show/id_XMTc3NTUxODQ5Ng==.html,地狱神探,0
146,http://v.youku.com/v_show/id_XMTc0MDkwODEwNA==.html,超能敢死队,5.9
147,http://v.youku.com/v_show/id_XMTQ3NTE1NDgyMA==.html,疯狂试爱2,0
148,http://v.youku.com/v_show/id_XMTczOTQ3Njg0OA==.html,喊·山,7.6
149,http://v.youku.com/v_show/id_XMTYzNjMzNDQ2OA==.html,超能特务,0
150,http://v.youku.com/v_show/id_XMTU4ODU3MDE4NA==.html,纽约纽约,5.3
151,http://v.youku.com/v_show/id_XMTQ5NDIzOTEyMA==.html,限期出嫁,0
152,http://v.youku.com/v_show/id_XMTY1NjE2MzcxNg==.html,彭城风云,0
153,http://v.youku.com/v_show/id_XMTgyMTI3NzEyOA==.html,骇故事之禁锢之屋,7.2
154,http://v.youku.com/v_show/id_XMTg3NDgzOTc0OA==.html,骇故事之女舍惊魂,6.8
155,http://v.youku.com/v_show/id_XMTYxNTIxNTkyNA==.html,大唐玄奘,5.2
156,http://v.youku.com/v_show/id_XMTUwMDgwNjY1Mg==.html,僵尸归来2消失的御林军,3.9
157,http://v.youku.com/v_show/id_XMTUxNjkzNjY3Ng==.html,高校兄弟,0
158,http://v.youku.com/v_show/id_XMTg0NjczOTIxNg==.html,在世界中心呼唤爱,4.2
159,http://v.youku.com/v_show/id_XMTcwNTIwNjU1Mg==.html,封神传奇,2.9
160,http://v.youku.com/v_show/id_XMTQ2MTM2NDMxMg==.html,吸血鬼公约,0
161,http://v.youku.com/v_show/id_XMTU3MzcwMTA1Ng==.html,老妖天使,0
162,http://v.youku.com/v_show/id_XMTcyMjYzNzU0NA==.html,沉默风暴,7.1
163,http://v.youku.com/v_show/id_XMTU5OTgwNTI5Mg==.html,钢刀,4.1
164,http://v.youku.com/v_show/id_XMTUwOTE2MDQyNA==.html,高跟鞋先生,5.1
165,http://v.youku.com/v_show/id_XMTY2MTkyNDYwMA==.html,筷仙,2.7
166,http://v.youku.com/v_show/id_XMTcxODMwMzkwOA==.html,那件疯狂的小事叫爱情,3.9
167,http://v.youku.com/v_show/id_XMTQ5NDYzMjk1Mg==.html,谋杀似水年华,3.8
168,http://v.youku.com/v_show/id_XMTg2MjQ0MzUwNA==.html,骇故事之往生刑,0
169,http://v.youku.com/v_show/id_XMjUyMjAwNjcyNA==.html,罗曼蒂克消亡史,7.7
170,http://v.youku.com/v_show/id_XMjUyNTQ3Nzk4OA==.html,房间,8.8
171,http://v.youku.com/v_show/id_XMTQ5NDcyMzU3Ng==.html,冰山上的来客,7.7
172,http://v.youku.com/v_show/id_XMTYxNzY5NDQzNg==.html,欲蟒归来,0
173,http://v.youku.com/v_show/id_XMTcwNDc2MjY0OA==.html,好鬼两个半,0
174,http://v.youku.com/v_show/id_XMTg5ODE1NjY2NA==.html,凄灵室,3.4
175,http://v.youku.com/v_show/id_XMTg2MzkxMjQyMA==.html,我是处女座,3.1
176,http://v.youku.com/v_show/id_XMTY5ODkyNTk4MA==.html,科洛弗道10号,6.8
177,http://v.youku.com/v_show/id_XMTQ4ODgwMDU1Mg==.html,催眠医生,3.6
178,http://v.youku.com/v_show/id_XMTU2NjAwMDA5Ng==.html,杀死钟馗,0
179,http://v.youku.com/v_show/id_XMTYwMTIzNDM2NA==.html,伦敦陷落,6.1
180,http://v.youku.com/v_show/id_XMTU4MjQ4MzE3Ng==.html,墨子籍之潜龙秘宝,0
181,http://v.youku.com/v_show/id_XMTcyODEwNzM3Ng==.html,幻影神探,0
182,http://v.youku.com/v_show/id_XMTYzMzIyMDYxNg==.html,疯狂猎艳,0
183,http://v.youku.com/v_show/id_XMTU3NjI5MjI3Ng==.html,妄想症,4.2
184,http://v.youku.com/v_show/id_XMTc3MzI1ODU2MA==.html,反贪风暴2,5.2
185,http://v.youku.com/v_show/id_XMTY0MjYwMDQyMA==.html,斗龙战士之星印罗盘,3.3
186,http://v.youku.com/v_show/id_XMTU4MzM4NTM2OA==.html,藏尸恋,0
187,http://v.youku.com/v_show/id_XMTYxNTg1ODg2OA==.html,永不退缩3,6.1
188,http://v.youku.com/v_show/id_XMTcwOTM0ODQ2MA==.html,催乳大师,5.2
189,http://v.youku.com/v_show/id_XMTYwNjkwMjEwMA==.html,魔宫魅影,4.7
190,http://v.youku.com/v_show/id_XMjUxODY4NzE1Mg==.html,魔法学院之见习女巫,0
191,http://v.youku.com/v_show/id_XMTY4MTg0Mjk3Ng==.html,快手枪手快枪手,5.1
192,http://v.youku.com/v_show/id_XMTY0MDQ5NjY4OA==.html,蛊寨癫狂记,0
193,http://v.youku.com/v_show/id_XMTQ4MTQ5MjMwNA==.html,活人墓,0
194,http://v.youku.com/v_show/id_XMTU5ODg1MTk3Mg==.html,梦想合伙人,3.9
195,http://v.youku.com/v_show/id_XMTQzOTM3NzQyOA==.html,僵尸侠,2.2
196,http://v.youku.com/v_show/id_XMTQ0Mzk2ODMyOA==.html,回魂,4.9
197,http://v.youku.com/v_show/id_XMTc2Njc3MzYyNA==.html,花样厨神,5.2
198,http://v.youku.com/v_show/id_XMTQ3OTA3OTk4MA==.html,荒村怨灵,3.1
199,http://v.youku.com/v_show/id_XMTYwMzc2Mzc0NA==.html,变形者之幽灵杀手,0
200,http://v.youku.com/v_show/id_XMTU0NzQ5NDg2NA==.html,致我们终将到来的爱情,3.6
201,http://v.youku.com/v_show/id_XMTUwOTIzMDIyMA==.html,丹麦女孩,8.0
202,http://v.youku.com/v_show/id_XMTg0MjYyOTQ4NA==.html,非常父子档,5.5
203,http://v.youku.com/v_show/id_XMTU4MjUwMTA0MA==.html,不良女主播,4.0
204,http://v.youku.com/v_show/id_XMTYzOTg2MTM0NA==.html,刑警兄弟,5.2
205,http://v.youku.com/v_show/id_XMTYxODg2MDE4OA==.html,灵魂契约,0
206,http://v.youku.com/v_show/id_XMTQ0OTA3Mjg1Ng==.html,胖子的穿越之旅,0
207,http://v.youku.com/v_show/id_XMTY5NTUzNjI5Mg==.html,笔仙撞碟仙,2.5
208,http://v.youku.com/v_show/id_XMTQ3OTAwMDIwNA==.html,一家老小向前冲,3.5
209,http://v.youku.com/v_show/id_XMjE3OTI3NDQ1Mg==.html,三少爷的剑,4.9
210,http://v.youku.com/v_show/id_XMTgxMjEzOTczMg==.html,骇故事之招魂,6.4
211,http://v.youku.com/v_show/id_XMjUwNDMyMDQyNA==.html,摆渡人,4.0
212,http://v.youku.com/v_show/id_XMTU0MDExMTg3Mg==.html,灵魂速递,0
213,http://v.youku.com/v_show/id_XMTg0MjM0Mjg1Mg==.html,骇故事之凶宅,4.8
214,http://v.youku.com/v_show/id_XMTU0NzY4MDkzNg==.html,曹操秘爱,0
215,http://v.youku.com/v_show/id_XMTY2MTM0MjAwNA==.html,奇葩主播升职记,0
216,http://v.youku.com/v_show/id_XMTY1MTM5NzgxMg==.html,外八门之雪域魔窟,0
217,http://v.youku.com/v_show/id_XMTc2MzcxMTk2OA==.html,丧尸李志,0
218,http://v.youku.com/v_show/id_XMTcyNTA1NjQyNA==.html,龙拳小子,3.8
219,http://v.youku.com/v_show/id_XMTQ0NTQ1MzQ0MA==.html,赌神2016,0
220,http://v.youku.com/v_show/id_XMTQ3OTg1ODQyMA==.html,少庄主追爱记,0
221,http://v.youku.com/v_show/id_XMTc1NTUzNzU4NA==.html,夜半哭声,3.2
222,http://v.youku.com/v_show/id_XMTUzNDU3OTg0NA==.html,我不做潘金莲,0
223,http://v.youku.com/v_show/id_XMTQ0NDUyMDQxNg==.html,不让青春虚度,0
224,http://v.youku.com/v_show/id_XMTY3NjU5NDUzNg==.html,金钱怪兽,6.8
225,http://v.youku.com/v_show/id_XMTQ1NjY3OTY1Mg==.html,一个老千的江湖,3.4
226,http://v.youku.com/v_show/id_XMTU3NDk2NTE4NA==.html,借脸,0
227,http://v.youku.com/v_show/id_XMjAzNDM5NDk0NA==.html,摩天大楼,5.6
228,http://v.youku.com/v_show/id_XMTU2Mzc5ODA1Ng==.html,变形活宝,0
229,http://v.youku.com/v_show/id_XMTU1Nzc2Nzg5Mg==.html,超能太监,3.4
230,http://v.youku.com/v_show/id_XMTUyODUxNTY3Mg==.html,同城邂逅,3.7
231,http://v.youku.com/v_show/id_XMTg5ODIxMjYxMg==.html,脑残粉,6.7
232,http://v.youku.com/v_show/id_XMTc2NDI0MjA2NA==.html,火海凌云,7.6
233,http://v.youku.com/v_show/id_XMTY0NDY2NzYyOA==.html,猎魂,0
234,http://v.youku.com/v_show/id_XMTc4NDg5MTI3Mg==.html,王牌逗王牌,3.3
235,http://v.youku.com/v_show/id_XMTQ3NTM0NzA4NA==.html,衰鬼记,0
236,http://v.youku.com/v_show/id_XMTUzMzExNjEyMA==.html,友情岁月2016,3.0
237,http://v.youku.com/v_show/id_XMTY5ODM1MjkzMg==.html,红色警戒999,5.7
238,http://v.youku.com/v_show/id_XMTQ1Nzg3MzM3Mg==.html,饭局女郎,0
239,http://v.youku.com/v_show/id_XMTU4NTgyODkzNg==.html,COSPLAY侠·缘起,0
240,http://v.youku.com/v_show/id_XMTYyNTExNDA4OA==.html,私人律师,0
241,http://v.youku.com/v_show/id_XMTUwMjM1MzU2NA==.html,降魔传,0
242,http://v.youku.com/v_show/id_XMTQ4Njg5MDI1Ng==.html,古墓凶铃,3.8
243,http://v.youku.com/v_show/id_XMTg1MDI4MDY1Ng==.html,被劫持的爱情,5.1
244,http://v.youku.com/v_show/id_XMTUwNzIwMjM0OA==.html,我的前任要结婚,0
245,http://v.youku.com/v_show/id_XMTY0MzY0NzQ1Ng==.html,江湖耍猴人,0
246,http://v.youku.com/v_show/id_XMTgzMDQ3NDk0NA==.html,新大头儿子和小头爸爸2一日成才,4.2
247,http://v.youku.com/v_show/id_XMTc3NjUxMDU2MA==.html,丧尸李志3,0
248,http://v.youku.com/v_show/id_XMTUwMTI3ODkxNg==.html,果宝特攻之水果大逃亡,5.8
249,http://v.youku.com/v_show/id_XMjQ3OTI0OTYyOA==.html,一万公里的约定,4.6
250,http://v.youku.com/v_show/id_XMTQ1OTM5NjQ3Mg==.html,神探笔记,4.3
251,http://v.youku.com/v_show/id_XMTUwMTI4NDM0OA==.html,致命怪谈,2.8
252,http://v.youku.com/v_show/id_XMTUxNDUzODUwNA==.html,猪妖记,0
253,http://v.youku.com/v_show/id_XMTg1MzIzMDE2NA==.html,骇故事之恐怖殡仪馆,3.2
254,http://v.youku.com/v_show/id_XMTQ1MTM3OTM4NA==.html,昨日重现之舍命情缘,0
255,http://v.youku.com/v_show/id_XMjQ4NTkzNTI0OA==.html,血战钢锯岭,8.7
256,http://v.youku.com/v_show/id_XMTYxNDMwODk3Ng==.html,马小乐之玩具也疯狂,3.6
257,http://v.youku.com/v_show/id_XMTU3NjM3MDMyNA==.html,山村噩梦,0
258,http://v.youku.com/v_show/id_XMTc4Mzc1MjIzNg==.html,骇故事之暗窗,5.1
259,http://v.youku.com/v_show/id_XMTUzMzM1NjA3Mg==.html,迷失客栈,0
260,http://v.youku.com/v_show/id_XMTQ2NjMzMTM0NA==.html,千术之王,0
261,http://v.youku.com/v_show/id_XMTc0MTU1OTEwNA==.html,低碳爱情,2.7
262,http://v.youku.com/v_show/id_XMTYwOTA0Nzc1Mg==.html,路,7.3
263,http://v.youku.com/v_show/id_XMTU3NDEzMDc0NA==.html,妖人之古墓重生,0
264,http://v.youku.com/v_show/id_XMTg4NjE5MTM3Mg==.html,骇故事之无罪日,4.5
265,http://v.youku.com/v_show/id_XMTQ0MTUyODA5Ng==.html,淘女郎之青春对决,0
266,http://v.youku.com/v_show/id_XMTQ0NTIzNjEyOA==.html,极度隐私,2.9
267,http://v.youku.com/v_show/id_XMTYxMTYzNjQ1Mg==.html,换种方式,0
268,http://v.youku.com/v_show/id_XMTQ5MzY1MTYwOA==.html,芈后传,0
269,http://v.youku.com/v_show/id_XMTg1MTYyOTc5Mg==.html,江湖水,7.0
270,http://v.youku.com/v_show/id_XMTQ3NDc2NDY1Mg==.html,诡楼之除夕夜,0
271,http://v.youku.com/v_show/id_XMTQzOTU2OTAxMg==.html,孤男寡女之大叔快跑,0
272,http://v.youku.com/v_show/id_XMTc3NzI0MzA3Mg==.html,跑调天后,6.9
273,http://v.youku.com/v_show/id_XMTc2OTg2NjE2MA==.html,神兽金刚之青龙再现,5.1
274,http://v.youku.com/v_show/id_XMTY0MDg1Nzg4NA==.html,超能外星女友,0
275,http://v.youku.com/v_show/id_XMTYwNjM1ODQ0OA==.html,国民老公,0
276,http://v.youku.com/v_show/id_XMTU3Mjg0MTcxNg==.html,网游之梦回诸仙,0
277,http://v.youku.com/v_show/id_XMTQ3NTE2MTIwNA==.html,少女夜蒲,0
278,http://v.youku.com/v_show/id_XMTUwNjkzOTM3Mg==.html,双马尾女战士,0
279,http://v.youku.com/v_show/id_XMTYyNTA4MzE2MA==.html,幽灵客栈,0
280,http://v.youku.com/v_show/id_XMTY2MTg1MTcyNA==.html,诡案录之375公交案,0
281,http://v.youku.com/v_show/id_XMTcxOTgwODcwOA==.html,爱情与友谊,6.7
282,http://v.youku.com/v_show/id_XMTgzOTA5NzM0MA==.html,我来也报恩记,6.7
283,http://v.youku.com/v_show/id_XMTQ1NzU4ODYyOA==.html,重生之绝世医仙,0
284,http://v.youku.com/v_show/id_XMTUzMTk1NTA5Ng==.html,铜锣湾大冒险,0
285,http://v.youku.com/v_show/id_XMTU0ODM3OTk3Mg==.html,贼大胆儿,0
286,http://v.youku.com/v_show/id_XMTYyMjM0MTM1Mg==.html,一想天开之凶间,0
287,http://v.youku.com/v_show/id_XMTY2MTc4ODU5Ng==.html,午夜黑车,0
288,http://v.youku.com/v_show/id_XMTg4MDQ3NzIyMA==.html,勇士之门,3.5
289,http://v.youku.com/v_show/id_XMTY1NDAzMjIzMg==.html,鬼上身,3.1
290,http://v.youku.com/v_show/id_XMTY5ODM0Mzg4MA==.html,宝贝当家,2.7
291,http://v.youku.com/v_show/id_XMTYzMzA4OTY2OA==.html,购物女王,3.1
292,http://v.youku.com/v_show/id_XMTY3MjUxMDg5Ng==.html,铜牌巨星,7.0
293,http://v.youku.com/v_show/id_XMTQzOTI4MTc2OA==.html,电竞也疯狂,6.4
294,http://v.youku.com/v_show/id_XMTY0NDMzODYwMA==.html,第五波,4.6
295,http://v.youku.com/v_show/id_XMTYzMDE5MjcyMA==.html,梦想的代价2,0
296,http://v.youku.com/v_show/id_XMjUxMTM2NzYyNA==.html,爸爸的3次婚礼,3.0
297,http://v.youku.com/v_show/id_XMTUzMzcwNjUyMA==.html,绝命赌师,0
298,http://v.youku.com/v_show/id_XMTY1NTEwNDI0MA==.html,港北风云之龙在江湖,0
299,http://v.youku.com/v_show/id_XMTQ1MTc4MzQxNg==.html,颜值江湖,3.3
300,http://v.youku.com/v_show/id_XMTUzMTEzMzk4MA==.html,魔窟丽影,0
301,http://v.youku.com/v_show/id_XMTYyMzM2MTQ3Mg==.html,妖医,3.5
302,http://v.youku.com/v_show/id_XMTg0NDY1MTk0NA==.html,鲁滨逊漂流记,5.6
303,http://v.youku.com/v_show/id_XMTYxODMxOTk4NA==.html,买龙拍凶,0
304,http://v.youku.com/v_show/id_XMTQzNjA4MjM2OA==.html,西游之偷梁换柱,0
305,http://v.youku.com/v_show/id_XMTQ4NDg2MjE0OA==.html,疯狂的要账,0
306,http://v.youku.com/v_show/id_XMjI3NzIwMDA0MA==.html,呆呆计划,3.4
307,http://v.youku.com/v_show/id_XMTYyNDc5MDgwOA==.html,占星惊魂,0
308,http://v.youku.com/v_show/id_XMjIwNTIxMDgwOA==.html,精武门之逆天行者,0
309,http://v.youku.com/v_show/id_XMTg2MTA2NTc2NA==.html,我来也与孤儿,0
310,http://v.youku.com/v_show/id_XMTQ4OTIzNjk2OA==.html,北上征服老板,0
311,http://v.youku.com/v_show/id_XMTU4MzI3MDU1Mg==.html,一拍成名,8.7
312,http://v.youku.com/v_show/id_XMTYxNjgwMTUwMA==.html,千姬变2之帝女幽魂,0
313,http://v.youku.com/v_show/id_XMTU3MzA1ODYyNA==.html,捉奸队,0
314,http://v.youku.com/v_show/id_XMjQ3OTQxMjM3Mg==.html,冲天火,3.7
315,http://v.youku.com/v_show/id_XMTU4NTc4NTY3Mg==.html,天黑别闭眼,0
316,http://v.youku.com/v_show/id_XMTYzNTEwMTQ2OA==.html,我的护士女友,0
317,http://v.youku.com/v_show/id_XMTU1MDkyNzkyNA==.html,微信幽诡,0
318,http://v.youku.com/v_show/id_XMTQ1MjYyMTE0MA==.html,功夫炮侠,0
319,http://v.youku.com/v_show/id_XMTU3MzUyOTU0NA==.html,道姑出山之人鬼情未了,0
320,http://v.youku.com/v_show/id_XMTUxMDMzMDEwNA==.html,情爱隐私,0
321,http://v.youku.com/v_show/id_XMTY1Nzk2MjA4MA==.html,九度空间之濒死体验,0
322,http://v.youku.com/v_show/id_XMTc3ODU5MzU5Ng==.html,姐姐我爱你,0
323,http://v.youku.com/v_show/id_XMTU5ODYwNzEzMg==.html,拯救汪星人大作战,0
324,http://v.youku.com/v_show/id_XMTU5OTg0MzI5Ng==.html,谎言大爆炸,3.1
325,http://v.youku.com/v_show/id_XMTYwNzY3OTg4MA==.html,童谣,0
326,http://v.youku.com/v_show/id_XMTUyNTEwNTg0MA==.html,床下有人3,2.6
327,http://v.youku.com/v_show/id_XMTU4NjA1NDA1Ng==.html,探灵直播,0
328,http://v.youku.com/v_show/id_XMTQ3NDkyMTQ3Ng==.html,与千金同居的日子,0
329,http://v.youku.com/v_show/id_XMTQ3NjQ5Nzg0NA==.html,冰美人,4.9
330,http://v.youku.com/v_show/id_XMTYxMDMwNzkwNA==.html,甲乙丙丁,0
331,http://v.youku.com/v_show/id_XMTU5OTU0NDc1Ng==.html,超级名模2,4.5
332,http://v.youku.com/v_show/id_XMTUyNjIwMjQwOA==.html,比基尼惊魂夜,3.2
333,http://v.youku.com/v_show/id_XMTY5ODk4NzE2MA==.html,千门唐八将,0
334,http://v.youku.com/v_show/id_XMTUxNDM0MjA3Mg==.html,澳门风云3,3.9
335,http://v.youku.com/v_show/id_XMTUwNDk3MTY5Ng==.html,群主擒爱日记,0
336,http://v.youku.com/v_show/id_XMTcwNzU2MzExMg==.html,神秘世界历险记3,5.9
337,http://v.youku.com/v_show/id_XMTgzMDQ4ODE4NA==.html,夺路而逃,3.0
338,http://v.youku.com/v_show/id_XMTQ4ODAzNzIwMA==.html,大肉票,0
339,http://v.youku.com/v_show/id_XMTY1Mjc5NjQzMg==.html,外星萝莉,0
340,http://v.youku.com/v_show/id_XMTkxMTM1NDU4OA==.html,最萌身高差,3.9
341,http://v.youku.com/v_show/id_XMTg0NDE0OTcwMA==.html,神奇队长,7.8
342,http://v.youku.com/v_show/id_XMTY0MjUzNzkyMA==.html,不良星座之颜值学妹团,0
343,http://v.youku.com/v_show/id_XMTYxMDIxNzk3Ng==.html,三天四夜生死劫,0
344,http://v.youku.com/v_show/id_XMTYwNzgyNzkyNA==.html,那小子真拽,2.6
345,http://v.youku.com/v_show/id_XMTQyNzkyODY4OA==.html,恐怖画廊,0
346,http://v.youku.com/v_show/id_XMTUxMDczNTA5Mg==.html,黑巫术,0
347,http://v.youku.com/v_show/id_XMTgzMTk1OTA5Mg==.html,惊天破,3.9
348,http://v.youku.com/v_show/id_XMTYzNTI2ODk0NA==.html,恋爱禁区,0
349,http://v.youku.com/v_show/id_XMTQzODU0ODAwMA==.html,超五星选美,0
350,http://v.youku.com/v_show/id_XMTU4MzczNzI2OA==.html,超能赌霸,0
351,http://v.youku.com/v_show/id_XMTQ1NjIwMDE4NA==.html,山炮贼中贼,5.7
352,http://v.youku.com/v_show/id_XMTYwMTI2MzM3Mg==.html,地下黑拳,0
353,http://v.youku.com/v_show/id_XMTg1NjM4MjAzMg==.html,知无涯者,7.3
354,http://v.youku.com/v_show/id_XMTQzNDk1NjM4NA==.html,大话天珠,0
355,http://v.youku.com/v_show/id_XMTU0MzExODIxNg==.html,天堂中转站,0
356,http://v.youku.com/v_show/id_XMTQ1MDc4MzgzNg==.html,一帮坏家伙,7.6
357,http://v.youku.com/v_show/id_XMTc0MDg1MjUyMA==.html,天堂奇迹,7.1
358,http://v.youku.com/v_show/id_XMTg5MDk0MTQ0OA==.html,减法人生,4.3
359,http://v.youku.com/v_show/id_XMTQ1ODA2NjE0OA==.html,七月初七之锁不住的命,0
360,http://v.youku.com/v_show/id_XMTY2MTg3MDc2OA==.html,魔法甜甜圈,0
361,http://v.youku.com/v_show/id_XMTU4MjM3MjQwOA==.html,我的老婆是明星,3.8
362,http://v.youku.com/v_show/id_XMTYyNDgyMDg0NA==.html,重返灵界,0
363,http://v.youku.com/v_show/id_XMTgyODc1NTgyOA==.html,我来也,6.5
364,http://v.youku.com/v_show/id_XMTY5OTk3Mzc4OA==.html,沙漠女王,5.8
365,http://v.youku.com/v_show/id_XMTc0MjM5MzAyOA==.html,爱在星空下,2.8
366,http://list.youku.com/show/id_z0338797252d011e69e2a.html,危险人妻,0
367,http://v.youku.com/v_show/id_XMTYxNjkxMjA5Mg==.html,自杀森林,4.7
368,http://v.youku.com/v_show/id_XMTQ4NzUyOTI1Mg==.html,小三劝退师,0
369,http://list.youku.com/show/id_za08ce9bd1e2911e6bdbb.html,恐女大作战,0
370,http://v.youku.com/v_show/id_XMTg1MDEyMjUwNA==.html,我来也大破祭酒党,0
371,http://v.youku.com/v_show/id_XMTY0ODk0NjMyMA==.html,混社会2风云再起,0
372,http://v.youku.com/v_show/id_XMTY2MTc0OTAxNg==.html,刺猬小子之天生我刺,5.9
373,http://v.youku.com/v_show/id_XMTY0ODI3MDMzNg==.html,那年我们18岁,3.0
374,http://v.youku.com/v_show/id_XMTQ3MzM4MTMyNA==.html,家庭入侵,5.3
375,http://v.youku.com/v_show/id_XMTQ5OTY0ODkzMg==.html,我的同学不是人,3.3
376,http://v.youku.com/v_show/id_XMTU1NzgxODMyNA==.html,艺考前规则,0
377,http://v.youku.com/v_show/id_XMTcwOTk2MDI5Mg==.html,格尔尼卡,7.8
378,http://v.youku.com/v_show/id_XMTQ2Mzg0NzEyOA==.html,神秘预知,0
379,http://v.youku.com/v_show/id_XMTY3NzcxOTA4NA==.html,人在驴途,3.5
380,http://v.youku.com/v_show/id_XMTUxNTIwMTU4NA==.html,我的少男时代,0
381,http://v.youku.com/v_show/id_XMTcxNTgxMjI3Ng==.html,古曼,3.5
382,http://v.youku.com/v_show/id_XMTQ3OTYzMzk2MA==.html,功夫熊猫之卷轴的秘密,7.3
383,http://v.youku.com/v_show/id_XMTg3MDE3NzU2NA==.html,怨灵地下室,2.4
384,http://v.youku.com/v_show/id_XMTc1NTM3OTE2NA==.html,看见我和你,2.7
385,http://v.youku.com/v_show/id_XMTU2MzY4MDk5Mg==.html,找个僵尸谈恋爱,0
386,http://v.youku.com/v_show/id_XMTc2ODA2NTUzNg==.html,珍宝大战,5.2
387,http://v.youku.com/v_show/id_XMTUyNDI1MTM4OA==.html,青蛙王国之冰冻大冒险,5.2
388,http://v.youku.com/v_show/id_XMTQ4ODM0NTE4NA==.html,鬼屋惊魂,4.5
389,http://v.youku.com/v_show/id_XMTgyMDM2ODcxMg==.html,枕边有张脸2,3.3
390,http://v.youku.com/v_show/id_XMTU0OTk0NDkyMA==.html,午夜梦魇之鬼网红,0
391,http://v.youku.com/v_show/id_XMTQ1ODQ1NjMwOA==.html,校花时代,0
392,http://v.youku.com/v_show/id_XMTYzOTU2MDE2OA==.html,记忆碎片,8.5
393,http://v.youku.com/v_show/id_XMTQ1MjY1NDIyMA==.html,超能人鱼,0
394,http://v.youku.com/v_show/id_XMTY1NzYwMTkyNA==.html,捉妖大队,0
395,http://v.youku.com/v_show/id_XMTYxMTIyMjY5Mg==.html,网红调教师,0
396,http://v.youku.com/v_show/id_XMTczOTQxODI1Ng==.html,回到原点,4.8
397,http://v.youku.com/v_show/id_XMTc2NDYzNzIyOA==.html,情况不妙,6.5
398,http://v.youku.com/v_show/id_XMTU3MjI3MTE0OA==.html,绝命记忆,0
399,http://v.youku.com/v_show/id_XMTczMjgwMDQ2NA==.html,终极硬汉,3.3
400,http://v.youku.com/v_show/id_XMTUxNjQ4MTExNg==.html,赌神驴山炮,0
401,http://v.youku.com/v_show/id_XMTcwODg2MTE0OA==.html,复活,7.2
402,http://v.youku.com/v_show/id_XMTQ1NzY0MDMzMg==.html,净搁这乱哩之火坑救援,0
403,http://v.youku.com/v_show/id_XMTYxNjk4ODMwMA==.html,中国兵王,0
404,http://v.youku.com/v_show/id_XMTY1MjY5ODg4NA==.html,你这磨人的俄国小妖精,0
405,http://v.youku.com/v_show/id_XMTYxNjg1ODU3Ng==.html,大哥归来之老炮不散,0
406,http://v.youku.com/v_show/id_XMTU5MDMxMzcyNA==.html,恐怖照相机,2.5
407,http://v.youku.com/v_show/id_XMTU2MzU2NDU3Mg==.html,杀死老炮儿,0
408,http://v.youku.com/v_show/id_XMTU1NjcxMDkyMA==.html,猫脸老太太,5.0
409,http://v.youku.com/v_show/id_XMTYzNjA5NTcxMg==.html,时空转校生,0
410,http://v.youku.com/v_show/id_XMTQ5MDYzNTA0MA==.html,风口青春,3.1
411,http://v.youku.com/v_show/id_XMTQzMDkwNzAxMg==.html,艳遇也疯狂,2.1
412,http://v.youku.com/v_show/id_XMTQ3NzM2OTA0OA==.html,鬼谷山庄,0
413,http://v.youku.com/v_show/id_XMTQ3NzQzNjkwNA==.html,诡宅新娘,0
414,http://v.youku.com/v_show/id_XMjUwNTQ3Mzg1Ng==.html,超级幼儿园,0
415,http://v.youku.com/v_show/id_XMTQ1NzU3MTE3Mg==.html,血战艳遇,0
416,http://v.youku.com/v_show/id_XMTQ4MDgzNzM4MA==.html,情人的眼泪,6.7
417,http://v.youku.com/v_show/id_XMTYxNzgwNTg2NA==.html,剩女脱单记,0
418,http://v.youku.com/v_show/id_XMTQ4MDcwNTQyMA==.html,跑男之夺路狂奔,0
419,http://v.youku.com/v_show/id_XMTQ5ODQ1ODM3Ng==.html,捕鼠者,8.2
420,http://v.youku.com/v_show/id_XMTg1NjY0NDI0OA==.html,海上火焰,6.5
421,http://v.youku.com/v_show/id_XMTYxMjY3NTcyMA==.html,猎魔女战士,0
422,http://v.youku.com/v_show/id_XMTg3NTgzOTIyOA==.html,钢铁骑士,3.7
423,http://v.youku.com/v_show/id_XMTU0OTk0NDYwNA==.html,魔胎,6.3
424,http://v.youku.com/v_show/id_XMTUwNzI5ODc3Ng==.html,亡徒之蛊惑人心,0
425,http://v.youku.com/v_show/id_XMTQ5Mjg1NDkwOA==.html,手撕猪队友,0
426,http://v.youku.com/v_show/id_XMjQ3MzY4OTQzMg==.html,牡丹仙子之皇帝诏曰,0
427,http://v.youku.com/v_show/id_XMTQ0MjAxMTg4MA==.html,你别吓唬我2之阴灵双子,0
428,http://v.youku.com/v_show/id_XMTUzNTc3NjEzNg==.html,痞子律师,0
429,http://v.youku.com/v_show/id_XMTU1ODEzNjUwNA==.html,欲望监禁,0
430,http://v.youku.com/v_show/id_XMTk5MTE0MjU5Mg==.html,老腔,5.2
431,http://v.youku.com/v_show/id_XMTU2MzY3NzI0MA==.html,男神抱抱,4.7
432,http://v.youku.com/v_show/id_XMTQ1MDE5NDg5Mg==.html,木乃伊之阿拉善传奇,0
433,http://v.youku.com/v_show/id_XMTU0NDQxMDQwNA==.html,生猛海鲜,0
434,http://v.youku.com/v_show/id_XMTU2MzUwNjIzNg==.html,降魔家族之咒灵日记,0
435,http://v.youku.com/v_show/id_XMTYzMTQ2NTU2MA==.html,学妹惊声之色色发抖,0
436,http://v.youku.com/v_show/id_XMTU3MzY0ODUyOA==.html,无目标地区,5.8
437,http://v.youku.com/v_show/id_XMTU2NzM3NDEwOA==.html,驱魔保安2美人棋,0
438,http://v.youku.com/v_show/id_XMTQ1NjU5OTgwOA==.html,欲链迷情,0
439,http://v.youku.com/v_show/id_XMTgzNDkxMzQ1Mg==.html,同等族群,6.1
440,http://v.youku.com/v_show/id_XMTg3MDE3Njg5Ng==.html,恐怖笔记,2.8
441,http://v.youku.com/v_show/id_XMTYwNzc4NjU2MA==.html,不良女警,3.9
442,http://v.youku.com/v_show/id_XMTUzNzA2MjQ4OA==.html,不速之客,6.3
443,http://v.youku.com/v_show/id_XMTUwOTMyMjMyOA==.html,我的情人是条狗,0
444,http://v.youku.com/v_show/id_XMTQ2MzQyMjIwMA==.html,都市奇侠之奇门遁甲,0
445,http://v.youku.com/v_show/id_XMTUwOTYzOTMxMg==.html,夜魔坛之女高怪谈,0
446,http://v.youku.com/v_show/id_XMTYzMDAwNzYzMg==.html,小蚂蚁之环球大冒险,4.2
447,http://v.youku.com/v_show/id_XMTc0NDgyMTc5Mg==.html,诡新娘,3.2
448,http://v.youku.com/v_show/id_XMTQ4OTcwNDc5Mg==.html,天使驾到之一夜精喜,0
449,http://v.youku.com/v_show/id_XMTUyODY2NDU4MA==.html,喜乐长安,3.0
450,http://v.youku.com/v_show/id_XMTQ1ODQwMDMwMA==.html,韩咪咪小姐变身计,0
451,http://v.youku.com/v_show/id_XMTQ2NDAyNzM4MA==.html,海女奇缘,0
452,http://v.youku.com/v_show/id_XMTU2MDMwNjI5Mg==.html,黑手,0
453,http://v.youku.com/v_show/id_XMTU4MDk3NzkxMg==.html,恋爱操控师,0
454,http://v.youku.com/v_show/id_XMTQ5MzUzNDAzNg==.html,成名背后,0
455,http://v.youku.com/v_show/id_XMTU3Mzg0NjQ0NA==.html,凶夜,0
456,http://v.youku.com/v_show/id_XMTQ4MDA0OTk0NA==.html,偷窥者,0
457,http://v.youku.com/v_show/id_XMTQzODkwNDYzMg==.html,拐角,0
458,http://v.youku.com/v_show/id_XMTY2NzYxNTUyNA==.html,不朽的时光,6.5
459,http://v.youku.com/v_show/id_XMTQzMTAwNjg4OA==.html,武林群英传,3.9
460,http://v.youku.com/v_show/id_XMTQ3OTMwNjY2OA==.html,极品小农民,0
461,http://v.youku.com/v_show/id_XMTYzOTE4NjUwNA==.html,笔仙之生死劫,0
462,http://v.youku.com/v_show/id_XMTY5MTA2OTYwOA==.html,超能太阳鸭,4.9
463,http://v.youku.com/v_show/id_XMTYxOTE5MzI1Ng==.html,僵尸鬼王,0
464,http://v.youku.com/v_show/id_XMTY1ODEyNjE4NA==.html,驱魔少年2,0
465,http://v.youku.com/v_show/id_XMTUwNzQyMTQ4OA==.html,猎金骑士之疯狂野蛮人,0
466,http://v.youku.com/v_show/id_XMTQ5MjYzMTA4OA==.html,身后身,0
467,http://v.youku.com/v_show/id_XMTQ3ODYxMDUyNA==.html,德云三逗士,2.6
468,http://v.youku.com/v_show/id_XMTU2NzE2NDMyMA==.html,莞城夜未眠,0
469,http://v.youku.com/v_show/id_XMTYzOTUxOTAyOA==.html,双灵,0
470,http://v.youku.com/v_show/id_XMTU2NTYwMTA4MA==.html,来自星星的女朋友,0
471,http://v.youku.com/v_show/id_XMTYzMzI1MjcyMA==.html,功夫2016,0
472,http://v.youku.com/v_show/id_XMTQ5MjU0MjM4OA==.html,六木道长,0
473,http://v.youku.com/v_show/id_XMTU1MTkzNjM5Ng==.html,血嫁衣,0
474,http://v.youku.com/v_show/id_XMTU5NzM3MjYxMg==.html,工厂怪物,0
475,http://v.youku.com/v_show/id_XMTY0OTU3NzYyMA==.html,蜜月酒店杀人事件,3.5
476,http://v.youku.com/v_show/id_XMTc2NDMwNTE2OA==.html,我的战争,4.9
477,http://v.youku.com/v_show/id_XMTcwOTQyNDE1Mg==.html,夏有乔木 雅望天堂,4.7
478,http://v.youku.com/v_show/id_XMTQzMzI5MjgxNg==.html,邪恶催眠,0
479,http://v.youku.com/v_show/id_XMjE4ODA4NzIxMg==.html,逃离循环,6.8
480,http://v.youku.com/v_show/id_XMTQ3MjI4NjY3Mg==.html,侠们,0
481,http://v.youku.com/v_show/id_XMTQ1ODUzMjUwNA==.html,坏女人必须死,0
482,http://v.youku.com/v_show/id_XMTUyNDMxNzQ1Mg==.html,乒乓少年,0
483,http://v.youku.com/v_show/id_XMTYzMjMzOTU2OA==.html,赤裸女特工2暗夜舞者,0
484,http://v.youku.com/v_show/id_XMTg1MjA2MTAzMg==.html,睡美人的诅咒,4.3
485,http://v.youku.com/v_show/id_XMjQ4NDI2MDQ0MA==.html,失心者,3.6
486,http://v.youku.com/v_show/id_XMTQ2MDA3MzQ0MA==.html,欢天喜地开心鬼,0
487,http://v.youku.com/v_show/id_XMTQ1NzY3Nzk4OA==.html,死亡通知单,0
488,http://v.youku.com/v_show/id_XMTgzOTkzMTEyNA==.html,聊斋新编之画皮新娘,2.8
489,http://v.youku.com/v_show/id_XMTQ3NjA1OTM4NA==.html,盗墓狐狸1盲画美女图,0
490,http://v.youku.com/v_show/id_XMTUyNTMzMzczNg==.html,监灵神探,0
491,http://v.youku.com/v_show/id_XMTU2NDIwOTk2MA==.html,雀圣之脱线女神,0
492,http://v.youku.com/v_show/id_XMTQ5MjQ3MzA1Ng==.html,疯人乐园,0
493,http://v.youku.com/v_show/id_XMTQ1ODQwNjQ0MA==.html,穿越侠,0
494,http://v.youku.com/v_show/id_XMTUzNTQzODU0OA==.html,灵探,0
495,http://v.youku.com/v_show/id_XMTU2ODU4ODMzMg==.html,恐怖空间,0
496,http://v.youku.com/v_show/id_XMTYwOTYwMzg4NA==.html,终极游戏,5.2
497,http://v.youku.com/v_show/id_XMTY4ODU1NDUzMg==.html,主播拯救世界,0
498,http://v.youku.com/v_show/id_XMTgyMzE5MjM5Mg==.html,幽灵医院,2.7
499,http://v.youku.com/v_show/id_XMTcwNzYxOTI5Mg==.html,瑞奇与叮当,5.8
500,http://v.youku.com/v_show/id_XMTY2MDE1ODIwOA==.html,鬼镯之阴阳生死环,0
501,http://v.youku.com/v_show/id_XMTUwODIyMzMyMA==.html,我们混过的江湖,6.1
502,http://v.youku.com/v_show/id_XMTQ2MzI3MTg3Mg==.html,租个男友过新年,3.5
503,http://v.youku.com/v_show/id_XMTU3MjIyNzUyMA==.html,我想静静,0
504,http://v.youku.com/v_show/id_XMTU1NjYzMzg3Ng==.html,辣条侦探,0
505,http://v.youku.com/v_show/id_XMTUzNTkyOTUwMA==.html,玄天战纪,0
506,http://v.youku.com/v_show/id_XMTc4MTk2OTE0NA==.html,爱的钟声,0
507,http://v.youku.com/v_show/id_XMTU2NTg1NTM0MA==.html,爱的十个约定,0
508,http://v.youku.com/v_show/id_XMTg5ODQ4MzQwOA==.html,永不放弃,8.5
509,http://v.youku.com/v_show/id_XMTUxNTg2MzM4NA==.html,拉条子,0
510,http://v.youku.com/v_show/id_XMTUzNTU5NzQ4MA==.html,谋皮,0
511,http://v.youku.com/v_show/id_XMTkyMTc4NzI1Ng==.html,黑色闪电,6.3
512,http://v.youku.com/v_show/id_XMTUwNDIyODc0OA==.html,校园星座师,0
513,http://v.youku.com/v_show/id_XMTkyMDQ0NDgwNA==.html,追捕野蛮人,8.0
514,http://v.youku.com/v_show/id_XMTU1MjIxMjU1Ng==.html,雪狼拳王,0
515,http://v.youku.com/v_show/id_XMTc2Njg5NDA3Ng==.html,诡梦凶铃,2.5
516,http://v.youku.com/v_show/id_XMTU0NzQyMDQ2MA==.html,月光爱人,0
517,http://v.youku.com/v_show/id_XMTk5MDc4MDU3Mg==.html,为爱放手,3.2
518,http://v.youku.com/v_show/id_XMTU1MTY1NTM4MA==.html,那些年唐伯虎追的女票2,0
519,http://v.youku.com/v_show/id_XMTg3MjIxNTc4OA==.html,我来也大战四猛虎,0
520,http://v.youku.com/v_show/id_XMTU0ODQ3Nzk5Ng==.html,家里来个俏女仆,0
521,http://v.youku.com/v_show/id_XMTU4OTM1NDEyNA==.html,超级兵王混农村2古墓传说,0
522,http://v.youku.com/v_show/id_XMTQ3NjMyOTE2NA==.html,午夜追魂之嫩模缠身,0
523,http://v.youku.com/v_show/id_XMTQ4ODA3ODg0NA==.html,盗墓女,0
524,http://v.youku.com/v_show/id_XMTUzNTgxMDE4NA==.html,凶宅异界,0
525,http://v.youku.com/v_show/id_XMTc1NjMzMzE0OA==.html,麦兜·饭宝奇兵,6.2
526,http://v.youku.com/v_show/id_XMTcyMjY5Njc5Ng==.html,德州纸牌屋,0
527,http://v.youku.com/v_show/id_XMTcwODg1OTE5Ng==.html,凛冬边缘,4.9
528,http://v.youku.com/v_show/id_XMTUzMzE1MTM4NA==.html,月亮的后裔,0
529,http://v.youku.com/v_show/id_XMTY3MDg3OTk5Mg==.html,仙侠学院,3.1
530,http://v.youku.com/v_show/id_XMTY0ODYzOTI4OA==.html,死亡游戏,7.7
531,http://v.youku.com/v_show/id_XMTU0NDA3MTQ3Ng==.html,萌兄蠢弟之大明星奇遇记,0
532,http://v.youku.com/v_show/id_XMTQzNjkxMzQzMg==.html,一云道长之镜灵,0
533,http://v.youku.com/v_show/id_XMTU4MTIzOTU2NA==.html,情事日记之窥心者,0
534,http://v.youku.com/v_show/id_XMTQ3MzkwNDA2NA==.html,奇门遁甲,7.6
535,http://v.youku.com/v_show/id_XMTU5MTI5ODE2OA==.html,我的男友不是人,0
536,http://v.youku.com/v_show/id_XMTUwODEyNjk5Ng==.html,征服2016,0
537,http://v.youku.com/v_show/id_XMTU0Mzg0MTY0MA==.html,疯狂的少妇,0
538,http://v.youku.com/v_show/id_XMTc4MTg1NDQ2OA==.html,小熊的夏天,0
539,http://v.youku.com/v_show/id_XMTYwNTY1NzU0MA==.html,在雨中,3.6
540,http://v.youku.com/v_show/id_XMTU3NDMxMDA0NA==.html,我们,8.0
541,http://v.youku.com/v_show/id_XMTgyMzA5MjYzMg==.html,爱上处女座,2.6
542,http://v.youku.com/v_show/id_XMTY4NzU5OTk0MA==.html,狼来了,7.9
543,http://v.youku.com/v_show/id_XMTU4NDk5NTkxMg==.html,我要做明星,0
544,http://v.youku.com/v_show/id_XMTYwNzc4Nzg2OA==.html,仙班校园,3.1
545,http://v.youku.com/v_show/id_XMTY1OTA1NjkxNg==.html,僵尸未成年,0
546,http://v.youku.com/v_show/id_XMTU5OTgyOTcyNA==.html,阿里巴巴2所罗门封印,2.6
547,http://v.youku.com/v_show/id_XMTU4MDYzNDE4NA==.html,失眠男女,2.9
548,http://v.youku.com/v_show/id_XMTYwOTAyNDA5Mg==.html,青春日记之柠檬之恋,0
549,http://v.youku.com/v_show/id_XMTQ3MTExMDMyOA==.html,美女记之白蛇新传,0
550,http://v.youku.com/v_show/id_XMTYxMDcwMDkxNg==.html,我的男友是条狗,0
551,http://v.youku.com/v_show/id_XMTUwMDgwNzA1Ng==.html,道士大战碟仙碟,0
552,http://v.youku.com/v_show/id_XMTYwMTI1MTYwOA==.html,咒怨之极度恐惧,0
553,http://v.youku.com/v_show/id_XMTU2NTI2MjE4NA==.html,卢瑟很嚣张,0
554,http://v.youku.com/v_show/id_XMTU5ODY0NTk4OA==.html,谁是国民老公,0
555,http://v.youku.com/v_show/id_XMTU4OTM4NTE1Mg==.html,最佳合伙人,0
556,http://v.youku.com/v_show/id_XMTQ4OTgzMjU2NA==.html,最后一个道士的往事,0
557,http://v.youku.com/v_show/id_XMTQ2MDEzMTI3Ng==.html,东北特工吴老二,0
558,http://v.youku.com/v_show/id_XMTQ5OTkxOTc5Ng==.html,唐僧肉惊天大骗局,0
559,http://v.youku.com/v_show/id_XMTY0MjA2ODg4MA==.html,欲望迷宫2迷雾山庄,0
560,http://v.youku.com/v_show/id_XMTU2NTQzMzI5Ng==.html,午夜寻访录,3.1
561,http://v.youku.com/v_show/id_XMTU3NTkxNzg3Ng==.html,灵异赌圣,0
562,http://v.youku.com/v_show/id_XMTc4MTUwOTA5Ng==.html,少年师爷之大禹宝藏,3.9
563,http://v.youku.com/v_show/id_XMTQ3MzIzMTE1Mg==.html,东北野兽,0
564,http://v.youku.com/v_show/id_XMTU1NzcxMzczMg==.html,电拘惊魂,0
565,http://v.youku.com/v_show/id_XMTg4OTI4NzcxNg==.html,战斧骨,6.7
566,http://v.youku.com/v_show/id_XMTU4NTI3NjQ2OA==.html,直男正传,4.2
567,http://v.youku.com/v_show/id_XMTQ5OTU3OTA1Ng==.html,尸体派对,4.3
568,http://v.youku.com/v_show/id_XMTU4OTU0MTM0OA==.html,复仇者,5.5
569,http://v.youku.com/v_show/id_XMjQ5NTA2NTU4MA==.html,他和她的故事,7.8
570,http://v.youku.com/v_show/id_XMTYzODc1MTgwMA==.html,别墅惊魂,0
571,http://v.youku.com/v_show/id_XMTU0MzMxODAxNg==.html,无主之地,0
572,http://v.youku.com/v_show/id_XMTczNTkwNzUxMg==.html,白雪公主和三只小猪,3.1
573,http://v.youku.com/v_show/id_XMTcxNzEyMTc0MA==.html,岛囧,2.5
574,http://v.youku.com/v_show/id_XMTQ1OTE1NzY2NA==.html,赌神风云,3.1
575,http://v.youku.com/v_show/id_XMjUxMTU3NjkxNg==.html,最爽的一天,7.7
576,http://v.youku.com/v_show/id_XMTgzNDgwNzk2OA==.html,斗艳,3.1
577,http://v.youku.com/v_show/id_XMTU5MDYyMDY2MA==.html,战将之兄弟,0
578,http://v.youku.com/v_show/id_XMTU0ODUzNDE2MA==.html,异能者之撒旦之眼,0
579,http://v.youku.com/v_show/id_XMTg5Njg1NTMyOA==.html,女娲日记,2.0
580,http://v.youku.com/v_show/id_XMTQ4ODQxODk0NA==.html,鬼门遗孤,0
581,http://v.youku.com/v_show/id_XMTQyMjQwODA2MA==.html,仙姑诡谈,0
582,http://v.youku.com/v_show/id_XMTYzOTg2OTY5Ng==.html,四大美人之貂蝉大战丧尸,3.3
583,http://v.youku.com/v_show/id_XMTQ5MjM2ODQ2NA==.html,魔道,0
584,http://v.youku.com/v_show/id_XMTkyMDQxMTE1Mg==.html,拜见布莱克一家,4.4
585,http://v.youku.com/v_show/id_XMTU3MzE3Mjg5Ng==.html,美人鱼羊,0
586,http://v.youku.com/v_show/id_XMTYyMzkwMjU4NA==.html,超能食神美少女,0
587,http://v.youku.com/v_show/id_XMTYzMDYxMTk4NA==.html,同居特工,0
588,http://v.youku.com/v_show/id_XMTUyOTg2MDUzNg==.html,香蕉女郎,0
589,http://v.youku.com/v_show/id_XMTUyNTM3MDM2NA==.html,麻将门,0
590,http://v.youku.com/v_show/id_XMTc2OTE4NDI3Ng==.html,夜魔人,3.9
591,http://v.youku.com/v_show/id_XMTUxMjA5NDUxMg==.html,黑社会之兄弟殊途,0
592,http://v.youku.com/v_show/id_XMTUxNTAzODc5Mg==.html,狂暴街区,0
593,http://v.youku.com/v_show/id_XMTUwNzEwNzk2NA==.html,诡娃,2.4
594,http://v.youku.com/v_show/id_XMTYxOTM0NjEwOA==.html,自我救赎,3.2
595,http://v.youku.com/v_show/id_XMTY0MjM1NjgwNA==.html,当流星划过天际,2.6
596,http://v.youku.com/v_show/id_XMTQ0NTQ5MDY5Mg==.html,成人玩家,0
597,http://v.youku.com/v_show/id_XMjQ4MzkxNTUwNA==.html,爱上试睡师,3.6
598,http://v.youku.com/v_show/id_XMTg4ODU5MDYwMA==.html,血染淑女,5.7
599,http://v.youku.com/v_show/id_XMTgxODc0Mjg3Ng==.html,仙布传奇,0
600,http://v.youku.com/v_show/id_XMTU3NjQ4MjIzMg==.html,危险人格,0
601,http://v.youku.com/v_show/id_XMTYxOTE2NzgwOA==.html,寂寞在作怪,0
602,http://v.youku.com/v_show/id_XMTU2NTMwOTA3Ng==.html,阿B特工,0
603,http://v.youku.com/v_show/id_XMTQ5MjMwNDQ0MA==.html,愤怒的校花之高校惊魂,0
604,http://v.youku.com/v_show/id_XMTY1MDM2NDg4OA==.html,暴力降头之校花,0
605,http://v.youku.com/v_show/id_XMTQ2NDA3NDQyNA==.html,超能女友,0
606,http://v.youku.com/v_show/id_XMTQ1NDg1NjEyOA==.html,我的白富美女友,2.8
607,http://v.youku.com/v_show/id_XMTQ1NzQ0NTkxNg==.html,车祸灵异事件,0
608,http://v.youku.com/v_show/id_XMTU1ODk4MTg4MA==.html,惊魂夜,0
609,http://v.youku.com/v_show/id_XMTg2Mjg5NjU5Ng==.html,脱单宝典,0
610,http://v.youku.com/v_show/id_XMTY3MDg1ODg0MA==.html,丑小鸭历险记,3.2
611,http://v.youku.com/v_show/id_XMjQ4NDI3NDk4NA==.html,五女闹京城,3.1
612,http://v.youku.com/v_show/id_XMTU3MTIwNTM1Mg==.html,三打白骨精,0
613,http://v.youku.com/v_show/id_XMTc0MTY4MzM3Ng==.html,勿忘初心,2.5
614,http://v.youku.com/v_show/id_XMTU3MjU0MzA4OA==.html,我的美女明星老婆,0
615,http://v.youku.com/v_show/id_XMTU5OTY0MjgwOA==.html,木乃伊占领大东北,0
616,http://v.youku.com/v_show/id_XMTY1MTE1NzE3Ng==.html,小镇风云之仇富者联盟,0
617,http://v.youku.com/v_show/id_XMTQ0NjY4NjQ1Mg==.html,东北诡案录之鬼上床,0
618,http://v.youku.com/v_show/id_XMTg2MjMzMjM5Mg==.html,水下危机,4.1
619,http://v.youku.com/v_show/id_XMTQ4MDc0NzkzMg==.html,笨贼别跑,2.8
620,http://v.youku.com/v_show/id_XMTYyNTI4ODI1Ng==.html,囧爱,0
621,http://v.youku.com/v_show/id_XMTUzODkzODI2NA==.html,租房惊魂之血墙,0
622,http://v.youku.com/v_show/id_XMTgyMzEwMTUzMg==.html,女神时代,2.8
623,http://v.youku.com/v_show/id_XMTg3NDAwNzUzMg==.html,麦吉的计划,6.6
624,http://list.youku.com/show/id_ze3b34ef844db11e6a080.html,无人生还之别墅迷情,0
625,http://v.youku.com/v_show/id_XMTU5MzY2MDQ5Mg==.html,灵魂深处之心迷攻,0
626,http://v.youku.com/v_show/id_XMTUzODg2MTI4NA==.html,玉狐军团,0
627,http://v.youku.com/v_show/id_XMTQ1MzcyNjcyOA==.html,超能精神病,0
628,http://v.youku.com/v_show/id_XMTYyOTkxNTc4NA==.html,秘密商店,0
629,http://v.youku.com/v_show/id_XMTUyMzM4MTk4NA==.html,杀手的档期,0
630,http://v.youku.com/v_show/id_XMTQ1NzI1OTYxMg==.html,异星寻爱记,0
631,http://v.youku.com/v_show/id_XMTg3MzM0NDM4MA==.html,九五二班,0
632,http://v.youku.com/v_show/id_XMTU5NDk0Nzg3Ng==.html,天命仙缘,0
633,http://v.youku.com/v_show/id_XMTUwNzA4ODQ1Mg==.html,火车大劫案,8.2
634,http://v.youku.com/v_show/id_XMTQ3OTY4Mzg3Ng==.html,东京有点热,0
635,http://v.youku.com/v_show/id_XMTYxNTU4NTc4OA==.html,我的表演系女神,0
636,http://v.youku.com/v_show/id_XMTQ3NTQ0NjE4OA==.html,真武弃徒,0
637,http://v.youku.com/v_show/id_XMTU5OTkyOTkyMA==.html,西游番外篇笨妖怪,0
638,http://v.youku.com/v_show/id_XMTUyNTE2MDQyNA==.html,老道出山,0
639,http://v.youku.com/v_show/id_XMTU1NzM1MjIzNg==.html,鬼变,0
640,http://v.youku.com/v_show/id_XMTU1OTE4ODcyNA==.html,光明的二儿子,0
641,http://v.youku.com/v_show/id_XMTgxNzYyNTM0MA==.html,奇葩追梦,3.1
642,http://v.youku.com/v_show/id_XMTU3MjkyNDcyNA==.html,我喜欢你之金牌星助理,0
643,http://v.youku.com/v_show/id_XMTQ4NjkyMjgwOA==.html,奇葩双人行之战杭州,0
644,http://v.youku.com/v_show/id_XMTQ2MzM5ODAyMA==.html,生化奇兵之血洗尸巢,0
645,http://v.youku.com/v_show/id_XMTU4OTg1Mjg1Ng==.html,赏金猎魔,0
646,http://v.youku.com/v_show/id_XMTU1MDkzMzU4OA==.html,偷车,5.8
647,http://v.youku.com/v_show/id_XMTczNDIwMjIwMA==.html,寒战2,6.9
648,http://v.youku.com/v_show/id_XMTU4MTMxNjYyOA==.html,女团杀人事件,0
649,http://v.youku.com/v_show/id_XMTY0ODg1OTg0OA==.html,鹅滴个神,0
650,http://v.youku.com/v_show/id_XMTg2MTMwMDcxMg==.html,夜郎侠之一路危途,2.5
651,http://v.youku.com/v_show/id_XMTU4MjI0MTU3Mg==.html,艳战风云,0
652,http://v.youku.com/v_show/id_XMTY0ODY5Mzg1Ng==.html,泰迪熊之玩具大战,2.4
653,http://v.youku.com/v_show/id_XMTczNTUyMjI2OA==.html,三个孬家伙,4.7
654,http://v.youku.com/v_show/id_XMTQ1Mjc4OTQ2NA==.html,鬼宅笔记,0
655,http://v.youku.com/v_show/id_XMTQ5MjQ2ODkyNA==.html,不做路人甲,0
656,http://v.youku.com/v_show/id_XMTQ4NTY1MDI5Mg==.html,千术,0
657,http://v.youku.com/v_show/id_XMTU4Mzk3MTY5Ng==.html,尸地伏魔,0
658,http://v.youku.com/v_show/id_XMTU0NzQyMjcyOA==.html,赌圣2016,0
